id,name_ch,name,match_title,match_url,midi_url
2,聖哉聖哉聖哉," Holy, Holy, Holy",,https://www.hymnal.net/en/hymn/h/6,https://www.hymnal.net/Hymns/Hymnal/midi/e0006_i.mid
5,全能君王降臨," Come, Thou Almighty King","Come, Thou Almighty King",https://www.hymnal.net/en/hymn/h/3,https://www.hymnal.net/Hymns/Hymnal/midi/e0003_i.mid
8,讚美我主全能主神," Praise To The Lord, The Almighty","Praise to the Lord, the Almighty",https://www.hymnal.net/en/hymn/h/166,https://www.hymnal.net/Hymns/Hymnal/midi/e0166_i.mid
14,不能朽不能見獨一的真神," Immortal, Invisible, God Only Wise","Immortal, invisible, God only wise",https://www.hymnal.net/en/hymn/h/14,https://www.hymnal.net/Hymns/Hymnal/midi/e0014_i.mid
16,頌讚與尊貴, Blessing And Honor,Blessing and honor and glory be Thine,https://www.hymnal.net/en/hymn/h/241,https://www.hymnal.net/Hymns/Hymnal/midi/e0241_i.mid
17,我們不會疲倦," We Are Never, Never Weary",We are never weary singing our eternal song,https://www.hymnal.net/en/hymn/h/41,https://www.hymnal.net/Hymns/Hymnal/midi/e0041_i.mid
21,父阿久在創世之前," Father, 'Twas Thy Love That Knew Us","Father, 'twas Thy love that knew us",https://www.hymnal.net/en/hymn/h/34,https://www.hymnal.net/Hymns/Hymnal/midi/e0026_i.mid
23,神啊你為何故," What Was It, Blessed God","What was it, blessed God",https://www.hymnal.net/en/hymn/h/29,https://www.hymnal.net/Hymns/Hymnal/midi/e0029_i.mid
25,沒有血沒有壇," No Blood, No Altar Now","No blood, no altar now",https://www.hymnal.net/en/hymn/h/106,https://www.hymnal.net/Hymns/Hymnal/midi/e0106_i.mid
26,哦神是你召我們," By Thee, O God, Invited","By Thee, O God, invited",https://www.hymnal.net/en/hymn/h/42,https://www.hymnal.net/Hymns/Hymnal/midi/e0042_i.mid
27,我為甚麼憂懼疑惑," Why Should I Worry, Doubt And Fear?","Why should I worry, doubt and fear",https://www.hymnal.net/en/hymn/h/1003,https://www.hymnal.net/Hymns/Hymnal/midi/e0021_i.mid
28,我主耶穌是我的義," Jesus, Thy Blood And Righteousness",,https://www.hymnal.net/en/hymn/h/295,https://www.hymnal.net/Hymns/Hymnal/midi/e0061_i.mid
33,榮耀歸與真神, To God Be The Glory,,https://www.hymnal.net/en/hymn/h/39,https://www.hymnal.net/Hymns/Hymnal/midi/e0039_i.mid
35,神我要讚美你," We Praise Thee, O God","God, we praise Thee for Thy mercy",https://www.hymnal.net/en/hymn/h/40,https://www.hymnal.net/Hymns/Hymnal/midi/e0040_i.mid
38,阿爸我們來頌讚你," Abba, Father! We Adore Thee","Abba, Father! we adore Thee",https://www.hymnal.net/en/hymn/h/45,https://www.hymnal.net/Hymns/Hymnal/midi/e0045_i.mid
39,阿爸父阿我們現在," Abba, Father, We Approach Thee","Abba, Father, we approach Thee",https://www.hymnal.net/en/hymn/h/43,https://www.hymnal.net/Hymns/Hymnal/midi/e0020_i.mid
40,父阿兒女稱頌你名," Father, Thy Name Our Souls Would Bless","Father, Thy name our souls would bless",https://www.hymnal.net/en/hymn/h/47,https://www.hymnal.net/Hymns/Hymnal/midi/e0038_i.mid
41,父前拜禮," Father, To Thee A Joyful Song We Raise","Father, to Thee a joyful song we raise",https://www.hymnal.net/en/hymn/h/52,https://www.hymnal.net/Hymns/Hymnal/midi/e0025_i.mid
44,父神阿你在羔羊裡, O God! We See Thee In The Lamb,O God! we see Thee in the Lamb,https://www.hymnal.net/en/hymn/h/37,https://www.hymnal.net/Hymns/Hymnal/midi/e0010_i.mid
46,聽阿天使高聲唱, Hark! The Herald Angels Sing,Hark! the herald angels sing,https://www.hymnal.net/en/hymn/h/84,https://www.hymnal.net/Hymns/Hymnal/midi/e0084_i.mid
50,哦來蒙恩群眾," O Come, All Ye Faithful",O Come All Ye Faithful,https://www.hymnal.net/en/hymn/h/85,https://www.hymnal.net/Hymns/Hymnal/midi/e0085_i.mid
53,我有一位奇妙救主, I Have A Friend Whose Faithful Love,"I have a Friend, whose faithful love",https://www.hymnal.net/en/hymn/h/156,https://www.hymnal.net/Hymns/Hymnal/midi/e0156_i.mid
55,哦主我們今想到你," O Lord, When We The Path Retrace",O Lord! When we the path retrace,https://www.hymnal.net/en/hymn/h/87,https://www.hymnal.net/Hymns/Hymnal/midi/e0056_i.mid
59,哦滿了傷痕的頭, O Head Once Full Of Bruises,O Head once full of bruises,https://www.hymnal.net/en/hymn/h/95,https://www.hymnal.net/Hymns/Hymnal/midi/e0095_i.mid
61,我們的靈伏著注視, Gazing On The Lord In Glory,Gazing on the Lord in glory,https://www.hymnal.net/en/hymn/h/136,https://www.hymnal.net/Hymns/Hymnal/midi/e0136_i.mid
62,耶穌獨自祈禱, It Was Alone The Savior Prayed,It was alone the Savior prayed,https://www.hymnal.net/en/hymn/h/91,https://www.hymnal.net/Hymns/Hymnal/midi/e0091_i.mid
66,主當我們漂流曠野," Lord, Thy Love Has Sought And Found Us","Lord, Thy love has sought and found us",https://www.hymnal.net/en/hymn/h/158,https://www.hymnal.net/Hymns/Hymnal/midi/e0158_i.mid
67,遠山迢迢其色青青, There Is A Green Hill Far Away,There is a green hill far away,https://www.hymnal.net/en/hymn/h/995,https://www.hymnal.net/Hymns/Hymnal/midi/e0995_i.mid
68,哦主求你指教我, O Teach Me What It Meaneth,O teach me what it meaneth,https://www.hymnal.net/en/hymn/h/1076,https://www.hymnal.net/Hymns/Hymnal/midi/e0508_i.mid
74,憐憫慈愛, Merciful And Loving,Merciful and loving,https://www.hymnal.net/en/hymn/h/988,https://www.hymnal.net/Hymns/Hymnal/midi/e0988_i.mid
76,主我寶貴你的行徑," Lord, We Treasure With Affection","Lord, we treasure with affection",https://www.hymnal.net/en/hymn/h/93,https://www.hymnal.net/Hymns/Hymnal/midi/e0007_i.mid
78,近十架, Near The Cross,"Jesus, keep me near the cross",https://www.hymnal.net/en/hymn/h/1059,https://www.hymnal.net/Hymns/Hymnal/midi/e1059_i.mid
79,古老的十字架, The Old Rugged Cross,The old rugged cross,https://www.hymnal.net/en/hymn/h/618,https://www.hymnal.net/Hymns/Hymnal/midi/e0618_i.mid
82,在主十架之下, Beneath The Cross Of Jesus,Beneath the cross of Jesus,https://www.hymnal.net/en/hymn/h/621,https://www.hymnal.net/Hymns/Hymnal/midi/e0621_i.mid
84,祂不能救自己, Himself He Could Not Save,Himself He could not save,https://www.hymnal.net/en/hymn/h/105,https://www.hymnal.net/Hymns/Hymnal/midi/e0105_i.mid
85,頌讚聲音何等難得, How Pleasant Is The Sound Of Praise,How pleasant is the sound of praise,https://www.hymnal.net/en/hymn/h/113,https://www.hymnal.net/Hymns/Hymnal/midi/e0113_i.mid
87,你愛所給雖然甚多, Of All The Gifts Thy Love Bestows,Of all the gifts Thy love bestows,https://www.hymnal.net/en/hymn/h/38,https://www.hymnal.net/Hymns/Hymnal/midi/e0038_i.mid
90,有一血泉, There Is A Fountain Filled With Blood,There is a fountain filled with blood,https://www.hymnal.net/en/hymn/h/1006,https://www.hymnal.net/Hymns/Hymnal/midi/e1006_i.mid
93,我以信心仰望你, My Faith Looks Up To Thee,My faith looks up to Thee,https://www.hymnal.net/en/hymn/h/429,https://www.hymnal.net/Hymns/Hymnal/midi/e0429_i.mid
94,九十九隻羊, The Ninety And Nine,There were ninety and nine that safely lay,https://www.hymnal.net/en/hymn/h/1077,https://www.hymnal.net/Hymns/Hymnal/midi/e1077_i.mid
96,恩典美妙聲音, Grace! 'Tis A Charming Sound,Grace! 'tis a charming sound,https://www.hymnal.net/en/hymn/h/312,https://www.hymnal.net/Hymns/Hymnal/midi/e0312_i.mid
102,我今來就主十架, I Am Coming To The Cross,I am coming to the cross,https://www.hymnal.net/en/hymn/h/1062,https://www.hymnal.net/Hymns/Hymnal/midi/e1062_i.mid
113,哈利路亞祂已復活," Hallelujah, He Is Risen","Hallelujah, He is risen",https://www.hymnal.net/en/hymn/h/119,https://www.hymnal.net/Hymns/Hymnal/midi/e0119_i.mid
119,看哪聖徒榮耀光景," Look, Ye Saints! The Sight Is Glorious","Look, ye saints, the sight is glorious",https://www.hymnal.net/en/hymn/h/140,https://www.hymnal.net/Hymns/Hymnal/midi/e0140_i.mid
120,看哪冠冕已給羔羊, Behold The Lamb With Glory Crowned,Behold the Lamb with glory crowned,https://www.hymnal.net/en/hymn/h/129,https://www.hymnal.net/Hymns/Hymnal/midi/e0129_i.mid
121,冠祂萬王之王, Crown Him With Many Crowns,Crown Him with many crowns,https://www.hymnal.net/en/hymn/h/142,https://www.hymnal.net/Hymns/Hymnal/midi/e0142_i.mid
125,榮耀歸於我主, Glory To God On High,Glory to Christ on high,https://www.hymnal.net/en/hymn/h/179,https://www.hymnal.net/Hymns/Hymnal/midi/e0003_i.mid
127,我們當來同聲歡呼," Come, Let Us Join Our Cheerful Songs","Come, let us join our cheerful songs",https://www.hymnal.net/en/hymn/h/183,https://www.hymnal.net/Hymns/Hymnal/midi/e0133_i.mid
131,聽哪千萬聲音雷鳴, Hark! Ten Thousand Voices Crying,Hark! ten thousand voices crying,https://www.hymnal.net/en/hymn/h/127,https://www.hymnal.net/Hymns/Hymnal/midi/e0127_i.mid
132,神的基督榮耀的主," Lord Of Glory, We Adore Thee","Lord of glory, we adore Thee",https://www.hymnal.net/en/hymn/h/144,https://www.hymnal.net/Hymns/Hymnal/midi/e0144_i.mid
134,哦主耶穌我心喜樂," O Jesus, Lord! 'Tis Joy To Know","O, Jesus, Lord, 'tis joy to know",https://www.hymnal.net/en/hymn/h/131,https://www.hymnal.net/Hymns/Hymnal/midi/e0131_i.mid
135,榮耀榮耀永遠榮耀," Glory, Everlasting Glory","Glory, everlasting glory",https://www.hymnal.net/en/hymn/h/134,https://www.hymnal.net/Hymns/Hymnal/midi/e0134_i.mid
136,耶穌基督親愛救主," To Thee, Dear Lord, O Christ Of God","To Thee, dear Lord, O Christ of God",https://www.hymnal.net/en/hymn/h/126,https://www.hymnal.net/Hymns/Hymnal/midi/e0126_i.mid
139,救主耶穌在寶座上, Majestic Sweetness Sits Enthroned,Majestic sweetness sits enthroned,https://www.hymnal.net/en/hymn/h/177,https://www.hymnal.net/Hymns/Hymnal/midi/e0177_i.mid
140,神的兒子親愛救主, Majestic Sweetness Sits Enthroned,Majestic sweetness sits enthroned,https://www.hymnal.net/en/hymn/h/177,https://www.hymnal.net/Hymns/Hymnal/midi/e0177_i.mid
143,頌讚受膏的基督, Hail To The Lord's Anointed,Hail to the Lord's Anointed,https://www.hymnal.net/en/hymn/h/968,https://www.hymnal.net/Hymns/Hymnal/midi/e0968_i.mid
145,等到何日恩主纔回來," Oh, How Long Before My Lord Comes Back","Oh, how long before my Lord comes back",https://www.hymnal.net/en/hymn/h/962,https://www.hymnal.net/Hymns/Hymnal/midi/e0962_i.mid
146,橄欖山前一別離, Since Thy Departure,Since Thy departure from Olivet's Mountain,https://www.hymnal.net/en/hymn/h/959,https://www.hymnal.net/Hymns/Hymnal/midi/e0959_i.mid
151,我王必定快要再臨, My King Will Soon Come Back Again,My King will soon come back again,https://www.hymnal.net/en/hymn/h/960,https://www.hymnal.net/Hymns/Hymnal/midi/e0960_i.mid
156,自伯大尼, Since Long Ago At Bethany,Since long ago at Bethany we parted,https://www.hymnal.net/en/hymn/h/958,https://www.hymnal.net/Hymns/Hymnal/midi/e0934_i.mid
159,我能否忘快來的主, Can I Forget Come Lord,Can I forget the coming Lord,https://www.hymnal.net/en/hymn/h/8757,https://www.hymnal.net/Hymns/Hymnal/midi/e8757_i.mid
161,耶穌此名何等芬芳, How Sweet The Name Of Jesus Sounds,How sweet the Name of Jesus sounds,https://www.hymnal.net/en/hymn/h/66,https://www.hymnal.net/Hymns/Hymnal/midi/e0066_i.mid
162,主耶穌，我愛你名," Thy Name We Love, Lord Jesus","Thy name we love, Lord Jesus",https://www.hymnal.net/en/hymn/h/69,https://www.hymnal.net/Hymns/Hymnal/midi/e0069_i.mid
163,時常攜帶耶穌聖名, Take The Name Of Jesus With You,Take the name of Jesus with you,https://www.hymnal.net/en/hymn/h/670,https://www.hymnal.net/Hymns/Hymnal/midi/e0670_i.mid
165,耶穌你名何等芬芳, Jesus! How Much Thy Name Unfolds,Jesus! how much Thy name unfolds,https://www.hymnal.net/en/hymn/h/71,https://www.hymnal.net/Hymns/Hymnal/midi/e0071_i.mid
170,祂名為奇妙, His Name Is Wonderful,His Name is Wonderful,https://www.hymnal.net/en/hymn/h/1085,https://www.hymnal.net/Hymns/Hymnal/midi/e1085_i.mid
173,祂來尋覓滿了柔情, In Tenderness He Sought Me,In tenderness He sought me,https://www.hymnal.net/en/hymn/h/1068,https://www.hymnal.net/Hymns/Hymnal/midi/e1068_i.mid
174,神聖的愛何其美甜," O Love Divine, How Sweet Thou Art","O Love divine, how sweet Thou art",https://www.hymnal.net/en/hymn/h/427,https://www.hymnal.net/Hymns/Hymnal/midi/e0131_i.mid
178,你的大愛, It Passeth Knowledge,"It passeth knowledge, that dear love of Thine",https://www.hymnal.net/en/hymn/h/154,https://www.hymnal.net/Hymns/Hymnal/midi/e0154_i.mid
179,何能如此如我也能, And Can It Be That I Should Gain,And can it be that I should gain,https://www.hymnal.net/en/hymn/h/296,https://www.hymnal.net/Hymns/Hymnal/midi/e0296_i.mid
180,主耶穌當我們想到你, Lord Jesus! When We Think Of Thee,Lord Jesus! when we think of Thee,https://www.hymnal.net/en/hymn/h/207,https://www.hymnal.net/Hymns/Hymnal/midi/e0207_i.mid
181,你這不肯放我的愛," O Love, That Wilt Not Let Me Go","O Love, that wilt not let me go",https://www.hymnal.net/en/hymn/h/432,https://www.hymnal.net/Hymns/Hymnal/midi/e0432_i.mid
184,我有良友, I've Found A Friend,"I've found a Friend, oh, such a Friend",https://www.hymnal.net/en/hymn/h/288,https://www.hymnal.net/Hymns/Hymnal/midi/e0288_i.mid
187,驚人恩典, Amazing Grace,Amazing Grace,https://www.hymnal.net/en/hymn/h/313,https://www.hymnal.net/Hymns/Hymnal/midi/e0313_i.mid
192,我主耶穌惟你是配," Jesus, Thou Alone Art Worthy","Jesus, Thou alone art worthy",https://www.hymnal.net/en/hymn/h/182,https://www.hymnal.net/Hymns/Hymnal/midi/e0182_i.mid
201,主接納我們的詩歌," Lord, Accept Our Feeble Song","Lord, accept our feeble song",https://www.hymnal.net/en/hymn/h/90,https://www.hymnal.net/Hymns/Hymnal/midi/e0022_i.mid
207,我的詩歌是耶穌, My Song Shall Be Of Jesus,My song shall be of Jesus,https://www.hymnal.net/en/hymn/h/165,https://www.hymnal.net/Hymns/Hymnal/midi/e0165_i.mid
214,快樂日, O Happy Day,O happy day that fixed my choice,https://www.hymnal.net/en/hymn/h/347,https://www.hymnal.net/Hymns/Hymnal/midi/e0347_i.mid
223,哦主耶穌每想到你," Lord Jesus Christ, Our Heart Feels Sweet","Lord Jesus Christ, our heart feels sweet",https://www.hymnal.net/en/hymn/h/171,https://www.hymnal.net/Hymns/Hymnal/midi/e0171_i.mid
233,耶穌你的全勝的愛," Jesus, Thine All Victorious Love","Jesus, Thine all-victorious love",https://www.hymnal.net/en/hymn/h/264,https://www.hymnal.net/Hymns/Hymnal/midi/e0177_i.mid
245,充滿我, Fill Me Now,Fill me with Thy gracious Spirit,https://www.hymnal.net/en/hymn/h/267,https://www.hymnal.net/Hymns/Hymnal/midi/e0267_i.mid
254,我主只有你聖靈," Thy Holy Spirit, Lord, Alone","Thy Holy Spirit, Lord, alone",https://www.hymnal.net/en/hymn/h/275,https://www.hymnal.net/Hymns/Hymnal/midi/e0275_i.mid
257,哦主耶穌當你在地," Oh, Jesus, Lord, When Thou On Earth","Oh, Jesus, Lord, when Thou on earth",https://www.hymnal.net/en/hymn/h/489,https://www.hymnal.net/Hymns/Hymnal/midi/e0489_i.mid
260,何等慚愧何等痛悔," Oh, The Bitter Shame And Sorrow","Oh, the bitter shame and sorrow",https://www.hymnal.net/en/hymn/h/435,https://www.hymnal.net/Hymns/Hymnal/midi/e0435_i.mid
261,我豈可再冷淡退後, How Can I Ever Stay Away?,How can I ever stay away,https://www.hymnal.net/en/hymn/h/471,https://www.hymnal.net/Hymns/Hymnal/midi/e0021_i.mid
268,我心所追求乃是神自己, My Goal Is God Himself,"My goal is God Himself, not joy, nor peace",https://www.hymnal.net/en/hymn/h/350,https://www.hymnal.net/Hymns/Hymnal/midi/e0350_i.mid
269,進入幔內出到營外, Enter The Veil And Go Without The Camp,Enter the veil and go without the camp,https://www.hymnal.net/en/hymn/h/549,https://www.hymnal.net/Hymns/Hymnal/midi/e0454_i.mid
270,願你為大," Be Thou Supreme, O Jesus Christ","Be Thou supreme, O Jesus Christ",https://www.hymnal.net/en/hymn/h/367,https://www.hymnal.net/Hymns/Hymnal/midi/e0367_i.mid
271,神在天上有一寶貝, God In Heaven Hath A Treasure,God in heaven hath a treasure,https://www.hymnal.net/en/hymn/h/589,https://www.hymnal.net/Hymns/Hymnal/midi/e0589_i.mid
273,進深進深," Deeper, Deeper","Deeper, deeper, in the cross of Jesus",https://www.hymnal.net/en/hymn/h/1240,https://www.hymnal.net/Hymns/Hymnal/midi/e1240_i.mid
276,主使我更愛你, More Holiness Give Me,More holiness give me,https://www.hymnal.net/en/hymn/h/397,https://www.hymnal.net/Hymns/Hymnal/midi/e0397_i.mid
277,我願更多認識耶穌, More About Jesus Would I Know,More about Jesus would I know,https://www.hymnal.net/en/hymn/h/382,https://www.hymnal.net/Hymns/Hymnal/midi/e0382_i.mid
283,要思想耶穌, Consider Him,"Consider Him, let Christ thy pattern be",https://www.hymnal.net/en/hymn/h/656,https://www.hymnal.net/Hymns/Hymnal/midi/e0496_i.mid
285,我已得佳美信息, I've Believed The True Report,I've believed the true report,https://www.hymnal.net/en/hymn/h/551,https://www.hymnal.net/Hymns/Hymnal/midi/e0551_i.mid
288,你這神的隱藏的愛, Thou Hidden Love Of God,"Thou hidden love of God, whose height",https://www.hymnal.net/en/hymn/h/423,https://www.hymnal.net/Hymns/Hymnal/midi/e0423_i.mid
289,求主把我捆綁," Make Me A Captive, Lord","Make me a captive, Lord",https://www.hymnal.net/en/hymn/h/422,https://www.hymnal.net/Hymns/Hymnal/midi/e0142_i.mid
291,哦我要像你, O To Be Like Thee,O to be like Thee,https://www.hymnal.net/en/hymn/h/398,https://www.hymnal.net/Hymns/Hymnal/midi/e0398_i.mid
295,我今轉身背向俗世, I've Turned My Back Upon The World,I've turned my back upon the world,https://www.hymnal.net/en/hymn/h/438,https://www.hymnal.net/Hymns/Hymnal/midi/e0438_i.mid
302,你的靈豈非如祂會過," Hast Thou Heard Him, Seen Him, Known Him?","Hast thou heard Him, seen Him, known Him",https://www.hymnal.net/en/hymn/h/437,https://www.hymnal.net/Hymns/Hymnal/midi/e0437_i.mid
305,我今屬於耶穌, I Belong To Jesus,I belong to Jesus,https://www.hymnal.net/en/hymn/h/306,https://www.hymnal.net/Hymns/Hymnal/midi/e0306_i.mid
306,活著為耶穌, Living For Jesus,Living for Jesus a life that is true,https://www.hymnal.net/en/hymn/h/456,https://www.hymnal.net/Hymns/Hymnal/midi/e0456_i.mid
307,世上景色我已一閱, Having Seen The World's Fair Beauty,Having seen the world's fair beauty,https://www.hymnal.net/en/hymn/h/405,https://www.hymnal.net/Hymns/Hymnal/midi/e0405_i.mid
312,全所有奉獻, I Surrender All,All to Jesus I surrender,https://www.hymnal.net/en/hymn/h/441,https://www.hymnal.net/Hymns/Hymnal/midi/e0441_i.mid
313,收我此生作奉獻," Take My Life, And Let It Be","Take my life, and let it be",https://www.hymnal.net/en/hymn/h/445,https://www.hymnal.net/Hymns/Hymnal/midi/e0281_i.mid
318,我當如何愛我的主, How Shall I Follow Him I Serve?,How shall I follow Him I serve,https://www.hymnal.net/en/hymn/h/462,https://www.hymnal.net/Hymns/Hymnal/midi/e0061_i.mid
322,耶穌我今背起十架," Jesus, I My Cross Have Taken","Jesus, I my cross have taken",https://www.hymnal.net/en/hymn/h/460,https://www.hymnal.net/Hymns/Hymnal/midi/e0191_i.mid
324,我是否要背負十架, Am I A Soldier Of The Cross?,Am I a soldier of the Cross,https://www.hymnal.net/en/hymn/h/468,https://www.hymnal.net/Hymns/Hymnal/midi/e0468_i.mid
328,當我不見基督容華, How Tedious And Tasteless The Hours,How tedious and tasteless the hours,https://www.hymnal.net/en/hymn/h/529,https://www.hymnal.net/Hymns/Hymnal/midi/e0529_i.mid
331,以愛為旗在我以上, His Banner Over Me Is Love,His banner over me is love,https://www.hymnal.net/en/hymn/h/1157,https://www.hymnal.net/Hymns/Hymnal/midi/e1157_i.mid
334,耶穌只要一想到你," Jesus, The Very Thought Of Thee","Jesus, the very thought of Thee",https://www.hymnal.net/en/hymn/h/209,https://www.hymnal.net/Hymns/Hymnal/midi/e0209_i.mid
335,救主耶穌愛者之樂," Jesus, Thou Joy Of Loving Hearts","Jesus, Thou Joy of loving hearts",https://www.hymnal.net/en/hymn/h/205,https://www.hymnal.net/Hymns/Hymnal/midi/e0205_i.mid
343,美哉主耶穌, Fairest Lord Jesus,Fairest Lord Jesus,https://www.hymnal.net/en/hymn/h/175,https://www.hymnal.net/Hymns/Hymnal/midi/e0175_i.mid
344,今世福樂沒滅," Fade, Fade, Each Earthly Joy","Fade, fade each earthly joy",https://www.hymnal.net/en/hymn/h/531,https://www.hymnal.net/Hymns/Hymnal/midi/e0531_i.mid
352,住在你裡面, Abide In Thee,Abide in Thee! in that deep love of Thine,https://www.hymnal.net/en/hymn/h/563,https://www.hymnal.net/Hymns/Hymnal/midi/e0563_i.mid
354,祂隱藏我魂, He Hideth My Soul,He Hideth My Soul,https://www.hymnal.net/en/hymn/h/334,https://www.hymnal.net/Hymns/Hymnal/midi/e0334_i.mid
357,時常喜樂, Let Us Rejoice,O let us rejoice in the Lord evermore,https://www.hymnal.net/en/hymn/h/717,https://www.hymnal.net/Hymns/Hymnal/midi/e0717_i.mid
358,在祂同在的隱密處, In The Secret Of His Presence,In the secret of His presence,https://www.hymnal.net/en/hymn/h/553,https://www.hymnal.net/Hymns/Hymnal/midi/e0553_i.mid
359,在祂翼下, Under His Wings,Under His wings I am safely abiding,https://www.hymnal.net/en/hymn/h/565,https://www.hymnal.net/Hymns/Hymnal/midi/e0565_i.mid
362,與我同住, Abide With Me,Abide with me! fast falls the eventide,https://www.hymnal.net/en/hymn/h/370,https://www.hymnal.net/Hymns/Hymnal/midi/e0370_i.mid
365,求你揀選我道路," Thy Way, Not Mine, O Lord","Thy way, not mine, O Lord",https://www.hymnal.net/en/hymn/h/393,https://www.hymnal.net/Hymns/Hymnal/midi/e0379_i.mid
366,隨你調度," Have Thine Own Way, Lord","Have Thine own way, Lord",https://www.hymnal.net/en/hymn/h/449,https://www.hymnal.net/Hymns/Hymnal/midi/e0449_i.mid
374,祂旨美甜, Sweet Will Of God,Sweet Will of God,https://www.hymnal.net/en/hymn/h/383,https://www.hymnal.net/Hymns/Hymnal/midi/e0383_i.mid
376,主阿照你旨意," My Jesus, As Thou Wilt","My Jesus, as Thou wilt",https://www.hymnal.net/en/hymn/h/384,https://www.hymnal.net/Hymns/Hymnal/midi/e0384_i.mid
386,你若不壓橄欖成渣, Olives That Have Known No Pressure,Olives that have known no pressure,https://www.hymnal.net/en/hymn/h/626,https://www.hymnal.net/Hymns/Hymnal/midi/e0626_i.mid
391,破毀帶我到主懷, Wrecked Outright On Jesus' Breast,Wrecked outright on Jesus' breast,https://www.hymnal.net/en/hymn/h/637,https://www.hymnal.net/Hymns/Hymnal/midi/e0637_i.mid
392,惟有常出代價, Cross Of Christ! Lead Onward,Cross of Christ! lead onward,https://www.hymnal.net/en/hymn/h/634,https://www.hymnal.net/Hymns/Hymnal/midi/e0634_i.mid
394,由死而生, Life Out Of Death,"Life out of death—dear Master, is it spoken",https://www.hymnal.net/en/hymn/h/640,https://www.hymnal.net/Hymns/Hymnal/midi/e0433_i.mid
396,非我惟主," Not I, But Christ","Not I, but Christ be honored, loved, exalted",https://www.hymnal.net/en/hymn/h/591,https://www.hymnal.net/Hymns/Hymnal/midi/e0591_i.mid
399,你怎沒有傷痕, Hast Thou No Scar?,Hast thou no scar,https://www.hymnal.net/en/hymn/h/629,https://www.hymnal.net/Hymns/Hymnal/midi/e0629_i.mid
406,我主你說你是真樹, Thou Hast Said Thou Art The Vine,"Thou hast said Thou art the Vine, Lord",https://www.hymnal.net/en/hymn/h/561,https://www.hymnal.net/Hymns/Hymnal/midi/e0561_i.mid
408,時時刻刻, Moment By Moment,Moment By Moment,https://www.hymnal.net/en/hymn/h/486,https://www.hymnal.net/Hymns/Hymnal/midi/e0486_i.mid
411,耶穌我今歡然安息," Jesus! I Am Resting, Resting","Jesus! I am resting, resting",https://www.hymnal.net/en/hymn/h/579,https://www.hymnal.net/Hymns/Hymnal/midi/e0579_i.mid
412,求主啟示主自己," Lord, Reveal Thyself To Me","Lord, reveal Thyself to me",https://www.hymnal.net/en/hymn/h/412,https://www.hymnal.net/Hymns/Hymnal/midi/e0412_i.mid
413,當我憑著自己思想, When I Am In The Natural Man,When I am in the natural man,https://www.hymnal.net/en/hymn/h/430,https://www.hymnal.net/Hymns/Hymnal/midi/e0430_i.mid
421,主你啟示一個奧祕," Lord, Thou Hast Shown The Mystery","Lord, Thou hast shown the mystery",https://www.hymnal.net/en/hymn/h/488,https://www.hymnal.net/Hymns/Hymnal/midi/e0488_i.mid
422,主你知道所有乾渴," Lord, Thou Knowest All The Hunger","Lord, Thou knowest all the hunger",https://www.hymnal.net/en/hymn/h/283,https://www.hymnal.net/Hymns/Hymnal/midi/e0259_i.mid
424,你是平靜祕密之源, Thou Hidden Source Of Calm Repose,Thou hidden source of calm repose,https://www.hymnal.net/en/hymn/h/532,https://www.hymnal.net/Hymns/Hymnal/midi/e0532_i.mid
428,基督就是我的世界, Jesus Is All The World To Me,Jesus is all the world to me,https://www.hymnal.net/en/hymn/h/530,https://www.hymnal.net/Hymns/Hymnal/midi/e0530_i.mid
429,祂不誤事因祂是神," He Faileth Not, For He Is God","He faileth not, for He is God",https://www.hymnal.net/en/hymn/h/693,https://www.hymnal.net/Hymns/Hymnal/midi/e0693_i.mid
430,再唱信心的歌, Keep Up The Song Of Faith,Keep up the song of faith,https://www.hymnal.net/en/hymn/h/778,https://www.hymnal.net/Hymns/Hymnal/midi/e0778_i.mid
434,信靠耶穌何其甘甜, Tis So Sweet To Trust In Jesus,Tis so sweet to trust in Jesus,https://www.hymnal.net/en/hymn/h/568,https://www.hymnal.net/Hymns/Hymnal/midi/e0437_i.mid
443,前途如何我不知, I Know Not What Awaits Me,I know not what awaits me,https://www.hymnal.net/en/hymn/h/711,https://www.hymnal.net/Hymns/Hymnal/midi/e0711_i.mid
449,緊握我手, Hold Thou My Hand,"Hold Thou my hand: so weak I am, and helpless",https://www.hymnal.net/en/hymn/h/388,https://www.hymnal.net/Hymns/Hymnal/midi/e0388_i.mid
451,無你我就無法想, I Could Not Do Without Thee,I could not do without Thee,https://www.hymnal.net/en/hymn/h/8421,https://www.hymnal.net/Hymns/Hymnal/midi/e0465_i.mid
452,你信實何廣大, Great Is Thy Faithfulness,Great is Thy faithfulness,https://www.hymnal.net/en/hymn/h/19,https://www.hymnal.net/Hymns/Hymnal/midi/e0019_i.mid
457,我是一個異鄉旅客, I'm A Pilgrim And A Stranger,I'm a pilgrim and a stranger,https://www.hymnal.net/en/hymn/h/8512,https://www.hymnal.net/Hymns/Hymnal/midi/e8512_i.mid
462,我惟靠你, We Rest On Thee,"We rest on Thee, our Shield and our Defender",https://www.hymnal.net/en/hymn/h/881,https://www.hymnal.net/Hymns/Hymnal/midi/e0881_i.mid
472,指示你路," Teach Me Thy Way, O Lord","Teach me Thy way, O Lord",https://www.hymnal.net/en/hymn/h/406,https://www.hymnal.net/Hymns/Hymnal/midi/e0406_i.mid
477,神用奧祕行動前來, God Moves In A Mysterious Way,God moves in a mysterious way,https://www.hymnal.net/en/hymn/h/675,https://www.hymnal.net/Hymns/Hymnal/midi/e0675_i.mid
478,求主耶穌操我舵," Jesus, Savior, Pilot Me","Jesus, Savior, pilot me",https://www.hymnal.net/en/hymn/h/392,https://www.hymnal.net/Hymns/Hymnal/midi/e0392_i.mid
488,新鮮如同清晨甘露, Fresh As The Dew Of The Morning,Fresh as the dew of the morning,https://www.hymnal.net/en/hymn/h/708,https://www.hymnal.net/Hymns/Hymnal/midi/e0708_i.mid
489,我常居住天愛中, In Heavenly Love Abiding,In heavenly love abiding,https://www.hymnal.net/en/hymn/h/8490,https://www.hymnal.net/Hymns/Hymnal/midi/e0169_i.mid
490,安穩在耶穌手臂, Safe In The Arms Of Jesus,Safe in the arms of Jesus,https://www.hymnal.net/en/hymn/h/679,https://www.hymnal.net/Hymns/Hymnal/midi/e0679_i.mid
493,像長江大河, Like A River Glorious,"Like a river, glorious",https://www.hymnal.net/en/hymn/h/719,https://www.hymnal.net/Hymns/Hymnal/midi/e0719_i.mid
496,耶穌靈魂的愛人," Jesus, Lover Of My Soul","Jesus, lover of my soul",https://www.hymnal.net/en/hymn/h/1057,https://www.hymnal.net/Hymns/Hymnal/midi/e0412_i.mid
505,神未曾應許天色常藍, God Hath Not Promised Skies Always Blue,God Hath Not Promised,https://www.hymnal.net/en/hymn/h/8526,https://www.hymnal.net/Hymns/Hymnal/midi/e8526_i.mid
506,來吧憂傷的人," Come, Ye Disconsolate","Come, ye disconsolate, where'er ye languish",https://www.hymnal.net/en/hymn/h/684,https://www.hymnal.net/Hymns/Hymnal/midi/e0684_i.mid
509,當轉眼仰望耶穌, Turn Your Eyes Upon Jesus,Turn your eyes upon Jesus,https://www.hymnal.net/en/hymn/h/645,https://www.hymnal.net/Hymns/Hymnal/midi/e0645_i.mid
511,主顧念嗎, Does Jesus Care?,Does Jesus care when my heart is pained,https://www.hymnal.net/en/hymn/h/695,https://www.hymnal.net/Hymns/Hymnal/midi/e0695_i.mid
517,當我恩主降臨時候, When My Blest Lord Will Come Again,When my blest Lord will come again,https://www.hymnal.net/en/hymn/h/965,https://www.hymnal.net/Hymns/Hymnal/midi/e0965_i.mid
540,前去我們口號, Forward! Be Our Watchword,Forward! be our watchword,https://www.hymnal.net/en/hymn/h/663,https://www.hymnal.net/Hymns/Hymnal/midi/e0663_i.mid
545,禱告乃是靈中所燒聖香, Prayer Is The Incense Of A Holy Heart,Prayer is the incense of a holy heart,https://www.hymnal.net/en/hymn/h/762,https://www.hymnal.net/Hymns/Hymnal/midi/e0454_i.mid
546,教我禱告主, Teach Me To Pray,"Teach me to pray, Lord, teach me to pray",https://www.hymnal.net/en/hymn/h/766,https://www.hymnal.net/Hymns/Hymnal/midi/e0766_i.mid
549,憑信心求, Ask In Faith,"Ask in faith, the Name of Jesus",https://www.hymnal.net/en/hymn/h/776,https://www.hymnal.net/Hymns/Hymnal/midi/e0664_i.mid
550,何等朋友我主耶穌, What A Friend We Have In Jesus,What a Friend we have in Jesus,https://www.hymnal.net/en/hymn/h/789,https://www.hymnal.net/Hymns/Hymnal/midi/e0628_i.mid
560,耶穌是我的我有把握, Blessed Assurance,Blessed assurance,https://www.hymnal.net/en/hymn/h/308,https://www.hymnal.net/Hymns/Hymnal/midi/e0308_i.mid
567,哦主求你長在我心," O Jesus Christ, Grow Thou In Me","O Jesus Christ, grow Thou in me",https://www.hymnal.net/en/hymn/h/395,https://www.hymnal.net/Hymns/Hymnal/midi/e0261_i.mid
569,我神我心充滿安寧," My Heart Is Resting, O My God","My heart is resting, O my God",https://www.hymnal.net/en/hymn/h/601,https://www.hymnal.net/Hymns/Hymnal/midi/e0601_i.mid
571,我時刻需要你, I Need Thee Every Hour,I need Thee every hour,https://www.hymnal.net/en/hymn/h/371,https://www.hymnal.net/Hymns/Hymnal/midi/e0371_i.mid
579,你是愛的溫柔氣息, I Cannot Breathe Enough Of Thee,I cannot breathe enough of Thee,https://www.hymnal.net/en/hymn/h/172,https://www.hymnal.net/Hymns/Hymnal/midi/e0172_i.mid
581,主耶穌我羨慕活在你面前," Lord Jesus, I Long In Thy Presence To Live","Lord Jesus, I long in Thy presence to live",https://www.hymnal.net/en/hymn/h/389,https://www.hymnal.net/Hymns/Hymnal/midi/e0389_i.mid
582,親愛主寶貝主, Dear Lord! Precious Lord,"Dear Lord Jesus, precious Jesus",https://www.hymnal.net/en/hymn/h/1158,https://www.hymnal.net/Hymns/Hymnal/midi/e1158_i.mid
584,與你更親我神," Nearer, My God To Thee","Nearer, my God, to Thee",https://www.hymnal.net/en/hymn/h/614,https://www.hymnal.net/Hymns/Hymnal/midi/e0065_i.mid
587,晨光掠天而過, When Morning Gilds The Skies,When morning gilds the skies,https://www.hymnal.net/en/hymn/h/238,https://www.hymnal.net/Hymns/Hymnal/midi/e0238_i.mid
590,夕陽西沉, Day Is Dying In The West,Day is dying in the west,https://www.hymnal.net/en/hymn/h/616,https://www.hymnal.net/Hymns/Hymnal/midi/e0616_i.mid
593,我愛傳講主福音, I Love To Tell The Story,I love to tell the story,https://www.hymnal.net/en/hymn/h/1064,https://www.hymnal.net/Hymns/Hymnal/midi/e1064_i.mid
601,我豈可去雙手空空," Must I Go, And Empty-Handed?","Must I go, and empty-handed",https://www.hymnal.net/en/hymn/h/930,https://www.hymnal.net/Hymns/Hymnal/midi/e0930_i.mid
618,永遠永遠永永遠遠, Eternity! Eternity!,Eternity! Eternity,https://www.hymnal.net/en/hymn/h/1047,https://www.hymnal.net/Hymns/Hymnal/midi/e1047_i.mid
622,幾乎要聽勸, Almost Persuaded,Almost persuaded,https://www.hymnal.net/en/hymn/h/1046,https://www.hymnal.net/Hymns/Hymnal/midi/e1046_i.mid
624,何等柔細慈愛, Softly And Tenderly,Softly and tenderly Jesus is calling,https://www.hymnal.net/en/hymn/h/1027,https://www.hymnal.net/Hymns/Hymnal/midi/e1027_i.mid
628,照我本相, Just As I Am,Just as I am,https://www.hymnal.net/en/hymn/h/1048,https://www.hymnal.net/Hymns/Hymnal/midi/e1048_i.mid
629,你的歡迎聲音, I Hear Thy Welcome Voice,I hear Thy welcome voice,https://www.hymnal.net/en/hymn/h/1051,https://www.hymnal.net/Hymns/Hymnal/midi/e1051_i.mid
632,進入我心, Into My Heart,"Come into my heart, O Lord Jesus",https://www.hymnal.net/en/hymn/h/1061,https://www.hymnal.net/Hymns/Hymnal/midi/e1061_i.mid
638,去作工, To The Work,To the work! to the work! we are servants of God,https://www.hymnal.net/en/hymn/h/895,https://www.hymnal.net/Hymns/Hymnal/midi/e0895_i.mid
641,主耶穌我曾應許," O Jesus, I Have Promised","O Jesus, I have promised",https://www.hymnal.net/en/hymn/h/465,https://www.hymnal.net/Hymns/Hymnal/midi/e0465_i.mid
644,趕緊工作夜快臨," Work, For The Night Is Coming","Work, for the night is coming",https://www.hymnal.net/en/hymn/h/8661,https://www.hymnal.net/Hymns/Hymnal/midi/e0666_i.mid
644,儆醒阿黑夜已深," Work, For The Night Is Coming","Work, for the night is coming",https://www.hymnal.net/en/hymn/h/8661,https://www.hymnal.net/Hymns/Hymnal/midi/e0666_i.mid
647,復興你工作主," Revive Thy Work, O Lord","Revive Thy work, O Lord",https://www.hymnal.net/en/hymn/h/797,https://www.hymnal.net/Hymns/Hymnal/midi/e0797_i.mid
654,我神乃是大能堡壘, A Mighty Fortress Is Our God,A mighty Fortress is our God,https://www.hymnal.net/en/hymn/h/886,https://www.hymnal.net/Hymns/Hymnal/midi/e0886_i.mid
655,古聖信仰, Faith Of Our Fathers,"Faith of our fathers, living still",https://www.hymnal.net/en/hymn/h/830,https://www.hymnal.net/Hymns/Hymnal/midi/e0423_i.mid
657,今日戰爭兇猛, Conflict Today Is Fierce,Conflict today is fierce,https://www.hymnal.net/en/hymn/h/893,https://www.hymnal.net/Hymns/Hymnal/midi/e0142_i.mid
658,起來起來為耶穌," Stand Up, Stand Up For Jesus",Stand up! stand up for Jesus,https://www.hymnal.net/en/hymn/h/870,https://www.hymnal.net/Hymns/Hymnal/midi/e0870_i.mid
659,神的兒子出戰前方, The Son Of God Goes Forth To War,The Son of God goes forth to war,https://www.hymnal.net/en/hymn/h/884,https://www.hymnal.net/Hymns/Hymnal/midi/e0884_i.mid
660,我不敢稍微失敗, I Dare Not Be Defeated,I dare not be defeated,https://www.hymnal.net/en/hymn/h/877,https://www.hymnal.net/Hymns/Hymnal/midi/e0870_i.mid
666,誰是在主這邊, Who Is On The Lord's Side?,Who is on the Lord's side,https://www.hymnal.net/en/hymn/h/469,https://www.hymnal.net/Hymns/Hymnal/midi/e0469_i.mid
667,親愛基督精兵," Soldier, Soldier, Fighting","Soldier, soldier, fighting in the world's great strife",https://www.hymnal.net/en/hymn/h/648,https://www.hymnal.net/Hymns/Hymnal/midi/e0648_i.mid
668,哈利路亞耶穌得勝, Hallelujah! Christ Is Victor,Hallelujah! Christ is Victor,https://www.hymnal.net/en/hymn/h/890,https://www.hymnal.net/Hymns/Hymnal/midi/e0185_i.mid
673,衝過戰士哪衝過," Charge, Soldiers Charge In Battle","Charge, soldiers, charge in battle",https://www.hymnal.net/en/hymn/h/873,https://www.hymnal.net/Hymns/Hymnal/midi/e0508_i.mid
674,當奉耶穌這名站住, The Name Of Jesus Is Our Stand,The name of Jesus is our stand,https://www.hymnal.net/en/hymn/h/887,https://www.hymnal.net/Hymns/Hymnal/midi/e0522_i.mid
677,美麗錫安我神聖城, Glorious Things Of Thee Are Spoken,Glorious things of thee are spoken,https://www.hymnal.net/en/hymn/h/977,https://www.hymnal.net/Hymns/Hymnal/midi/e0020_i.mid
678,主我愛你國度," I Love Thy Kingdom, Lord","I love Thy kingdom, Lord",https://www.hymnal.net/en/hymn/h/853,https://www.hymnal.net/Hymns/Hymnal/midi/e0853_i.mid
680,我們聚集在你墓的四圍," Around Thy Grave, Lord Jesus","Around Thy grave, Lord Jesus",https://www.hymnal.net/en/hymn/h/935,https://www.hymnal.net/Hymns/Hymnal/midi/e0042_i.mid
681,與主同葬, Buried With Christ,"Buried with Christ, and raised with Him too",https://www.hymnal.net/en/hymn/h/483,https://www.hymnal.net/Hymns/Hymnal/midi/e0483_i.mid
683,為著這餅和這杯, For The Bread And For The Wine,For the bread and for the wine,https://www.hymnal.net/en/hymn/h/226,https://www.hymnal.net/Hymns/Hymnal/midi/e0226_i.mid
685,主在此我要與你面對面," Here, O My Lord, I See Thee Face To Face","Here, O my Lord, I see Thee face to face",https://www.hymnal.net/en/hymn/h/225,https://www.hymnal.net/Hymns/Hymnal/midi/e0225_i.mid
686,主耶穌當那晚間," On That Same Night, Lord Jesus","On that same night, Lord Jesus",https://www.hymnal.net/en/hymn/h/213,https://www.hymnal.net/Hymns/Hymnal/midi/e0213_i.mid
687,我們照你恩惠話語, According To Thy Gracious Word,According to Thy gracious word,https://www.hymnal.net/en/hymn/h/214,https://www.hymnal.net/Hymns/Hymnal/midi/e0214_i.mid
688,願主為我擘開生命的餅, Break Thou The Bread Of Life,Break Thou the Bread of Life,https://www.hymnal.net/en/hymn/h/806,https://www.hymnal.net/Hymns/Hymnal/midi/e0801_i.mid
689,我主請說僕人敬聽," Master, Speak! Thy Servant Heareth","Master, speak! Thy servant heareth",https://www.hymnal.net/en/hymn/h/808,https://www.hymnal.net/Hymns/Hymnal/midi/e0144_i.mid
690,主你有否一句為我," Lord, Hast Thou Not One Word For Me?","Lord, hast Thou not one word for me",https://www.hymnal.net/en/hymn/h/810,https://www.hymnal.net/Hymns/Hymnal/midi/e0205_i.mid
694,福哉愛的捆綁, Blest Be The Tie That Binds,Blest be the tie that binds,https://www.hymnal.net/en/hymn/h/860,https://www.hymnal.net/Hymns/Hymnal/midi/e0615_i.mid
702,願神同在直至再見面, God Be With You Till We Meet Again,God be with you till we meet again,https://www.hymnal.net/en/hymn/h/861,https://www.hymnal.net/Hymns/Hymnal/midi/e0861_i.mid
705,只一摸, Just One Touch,Just one touch as He moves along,https://www.hymnal.net/en/hymn/h/759,https://www.hymnal.net/Hymns/Hymnal/midi/e0759_i.mid
63,此時何時孤單之時,,此時何時孤單之時,https://www.hymnal.net/zh/hymn/ch/92,https://www.hymnal.net/Hymns/Hymnal/midi/e0110_i.mid
684,主舉愛旗遮蓋我們,,主舉愛旗遮蓋我們,https://www.hymnal.net/zh/hymn/ch/174,https://www.hymnal.net/Hymns/Hymnal/midi/e8174_i.mid
691,主阿我們聚集你前,,主阿我們聚集你前,https://www.hymnal.net/zh/hymn/ch/625,https://www.hymnal.net/Hymns/Hymnal/midi/e0178_i.mid
693,我們呼吸天上空氣,,我們呼吸天上空氣,https://www.hymnal.net/zh/hymn/ch/623,https://www.hymnal.net/Hymns/Hymnal/midi/e0313_i.mid
69,我每靜念那十字架,,我每靜念那十字架,https://www.hymnal.net/zh/hymn/ch/85,https://www.hymnal.net/Hymns/Hymnal/midi/e0101_i.mid
31,坦然無懼來到神前,,坦然無懼來到神前,https://www.hymnal.net/zh/hymn/ch/240,https://www.hymnal.net/Hymns/Hymnal/midi/e0619_i.mid
708,祂醫治我讚美祂名,,祂醫治我讚美祂名,https://www.hymnal.net/zh/hymn/ch/549,
18,神聖之愛遠超眾愛,,神聖之愛遠超眾愛,https://www.hymnal.net/zh/hymn/ch/274,https://www.hymnal.net/Hymns/Hymnal/midi/e0005_i.mid
682,阿爸我們進前來,,阿爸我們進前來,https://www.hymnal.net/zh/hymn/ch/47,https://www.hymnal.net/Hymns/Hymnal/midi/e8047_i.mid
24,神哪你在聖所之內,,神哪你在聖所之內,https://www.hymnal.net/zh/hymn/ch/28,https://www.hymnal.net/Hymns/Hymnal/midi/e8028_i.mid
195,來阿你這萬福泉源,,來阿你這萬福泉源,https://www.hymnal.net/zh/hymn/ch/250,https://www.hymnal.net/Hymns/Hymnal/midi/e0215_i.mid
610,罪惡途中多年流蕩,,罪惡途中多年流蕩,https://www.hymnal.net/zh/hymn/ch/736,
471,一路我蒙救主引領,,一路我蒙救主引領,https://www.hymnal.net/zh/hymn/ch/508,https://www.hymnal.net/Hymns/Hymnal/midi/e0478_i.mid
234,主你所有一切工作,,主你所有一切工作,https://www.hymnal.net/zh/hymn/ch/367,https://www.hymnal.net/Hymns/Hymnal/midi/e0145_i.mid
468,是愛的神作我牧人,,是愛的神作我牧人,https://www.hymnal.net/zh/hymn/ch/444,https://www.hymnal.net/Hymns/Hymnal/midi/e8444_i.mid
245,何等榮耀何等福氣,,何等榮耀何等福氣,https://www.hymnal.net/zh/hymn/ch/217,https://www.hymnal.net/Hymns/Hymnal/midi/e0267_i.mid
446,神的應許不能廢去,,神的應許不能廢去,https://www.hymnal.net/zh/hymn/ch/482,
253,後是膏油先是血,,後是膏油先是血,https://www.hymnal.net/zh/hymn/ch/227,
255,焚燒在我心內,,焚燒在我心內,https://www.hymnal.net/zh/hymn/ch/207,https://www.hymnal.net/Hymns/Hymnal/midi/e0263_i.mid
437,主阿即或盡是黑暗,,主阿即或盡是黑暗,https://www.hymnal.net/zh/hymn/ch/505,https://www.hymnal.net/Hymns/Hymnal/midi/e0209_i.mid
436,或這樣或那樣,,或這樣或那樣,https://www.hymnal.net/zh/hymn/ch/513,https://www.hymnal.net/Hymns/Hymnal/midi/e0705_i.mid
265,從前我亦曾熱心,,從前我亦曾熱心,https://www.hymnal.net/zh/hymn/ch/353,https://www.hymnal.net/Hymns/Hymnal/midi/e8353_i.mid
231,我何等愛耶穌,,我何等愛耶穌,https://www.hymnal.net/zh/hymn/ts/307,https://www.hymnal.net/Hymns/Hymnal/midi/e0070_i.mid
418,求主倒空我脫自己,,求主倒空我脫自己,https://www.hymnal.net/zh/hymn/ch/313,
280,主你榮面是我所羨,,主你榮面是我所羨,https://www.hymnal.net/zh/hymn/ch/328,https://www.hymnal.net/Hymns/Hymnal/midi/e0807_i.mid
402,主我今背十架,,主我今背十架,https://www.hymnal.net/zh/hymn/ch/347,
390,眾人湧進主的國度,,眾人湧進主的國度,https://www.hymnal.net/zh/hymn/ch/349,https://www.hymnal.net/Hymns/Hymnal/midi/e0472_i.mid
375,你若取去我的心愛,,你若取去我的心愛,https://www.hymnal.net/zh/hymn/ch/276,https://www.hymnal.net/Hymns/Hymnal/midi/e0375_i.mid
314,從我活出你的自己,,從我活出你的自己,https://www.hymnal.net/zh/hymn/ch/304,https://www.hymnal.net/Hymns/Hymnal/midi/e0403_i.mid
319,主愛長闊高深,,主愛長闊高深,https://www.hymnal.net/zh/hymn/ch/330,https://www.hymnal.net/Hymns/NewSongs/midi/ns0154.mid
320,跟隨跟隨,,跟隨跟隨,https://www.hymnal.net/zh/hymn/ch/346,https://www.hymnal.net/Hymns/Hymnal/midi/e0461_i.mid
348,你名似膏香,,你名似膏香,https://www.hymnal.net/zh/hymn/ch/408,https://www.hymnal.net/Hymns/Hymnal/midi/e0556_i.mid
333,祂是一切最親,,祂是一切最親,https://www.hymnal.net/zh/hymn/ch/392,https://www.hymnal.net/Hymns/Hymnal/midi/e8392_i.mid
336,主我還有誰在天上,,主我還有誰在天上,https://www.hymnal.net/zh/hymn/ch/422,https://www.hymnal.net/Hymns/Hymnal/midi/e0518_i.mid
417,一生聰明未遇敵手,,一生聰明未遇敵手,https://www.hymnal.net/zh/hymn/ch/310,https://www.hymnal.net/Hymns/Hymnal/midi/e0252_i.mid
98,美哉善哉羔羊的新歌,,美哉善哉羔羊的新歌,https://www.hymnal.net/zh/hymn/ch/189,https://www.hymnal.net/Hymns/Hymnal/midi/e8189_i.mid
221,樂哉白白恩典,,樂哉白白恩典,https://www.hymnal.net/zh/hymn/ch/136,
494,哦我魂可無恐,,哦我魂可無恐,https://www.hymnal.net/zh/hymn/ch/268,https://www.hymnal.net/Hymns/Hymnal/midi/e0341_i.mid
111,救主基督已復活,,救主基督已復活,https://www.hymnal.net/zh/hymn/ch/102,https://www.hymnal.net/Hymns/Hymnal/midi/e0117_i.mid
596,傳揚好信息,,傳揚好信息,https://www.hymnal.net/zh/hymn/ch/663,https://www.hymnal.net/Hymns/Hymnal/midi/e0918_i.mid
595,為你我今祈求,,為你我今祈求,https://www.hymnal.net/zh/hymn/ch/669,https://www.hymnal.net/Hymns/Hymnal/midi/e0933_i.mid
591,救主耶穌我的太陽,,救主耶穌我的太陽,https://www.hymnal.net/zh/hymn/ch/407,https://www.hymnal.net/Hymns/Hymnal/midi/e0374_i.mid
124,從前那戴荊棘的頭,,從前那戴荊棘的頭,https://www.hymnal.net/zh/hymn/ch/118,https://www.hymnal.net/Hymns/Hymnal/midi/e0057_i.mid
126,但願尊貴榮耀豐富,,但願尊貴榮耀豐富,https://www.hymnal.net/zh/hymn/ch/193,https://www.hymnal.net/Hymns/Hymnal/midi/e0240_i.mid
137,主你是神受膏者,,主你是神受膏者,https://www.hymnal.net/zh/hymn/ch/125,https://www.hymnal.net/Hymns/Hymnal/midi/e0147_i.mid
570,沒有間隔主,,沒有間隔主,https://www.hymnal.net/zh/hymn/ch/284,https://www.hymnal.net/Hymns/Hymnal/midi/e0373_i.mid
562,我有一位好朋友,,我有一位好朋友,https://www.hymnal.net/zh/hymn/ch/409,https://www.hymnal.net/Hymns/Hymnal/midi/e8409_i.mid
164,頌讚主尊名,,頌讚主尊名,https://www.hymnal.net/zh/hymn/ch/68,https://www.hymnal.net/Hymns/Hymnal/midi/e0079_i.mid
220,我是個罪人蒙主恩,,我是個罪人蒙主恩,https://www.hymnal.net/zh/hymn/ch/251,https://www.hymnal.net/Hymns/Hymnal/midi/e0311_i.mid
166,耶穌這名甜美芬芳,,耶穌這名甜美芬芳,https://www.hymnal.net/zh/hymn/ch/66,https://www.hymnal.net/Hymns/Hymnal/midi/e0066_i.mid
169,耶穌這名何其甘甜,,耶穌這名何其甘甜,https://www.hymnal.net/zh/hymn/ch/70,https://www.hymnal.net/Hymns/Hymnal/midi/e0067_i.mid
175,我們雖然時常搖動,,我們雖然時常搖動,https://www.hymnal.net/zh/hymn/ch/352,https://www.hymnal.net/Hymns/Hymnal/midi/e0488_i.mid
185,主愛新鮮又甘甜,,主愛新鮮又甘甜,https://www.hymnal.net/zh/hymn/ch/231,https://www.hymnal.net/Hymns/Hymnal/midi/e0286_i.mid
193,讚美不盡讚美,,讚美不盡讚美,https://www.hymnal.net/zh/hymn/ch/90,https://www.hymnal.net/Hymns/Hymnal/midi/e8090_i.mid
524,主耶穌我正等待,,主耶穌我正等待,https://www.hymnal.net/zh/hymn/ch/753,https://www.hymnal.net/Hymns/Hymnal/midi/e8753_i.mid
200,哦願我有千萬舌頭,,哦願我有千萬舌頭,https://www.hymnal.net/zh/hymn/ch/135,https://www.hymnal.net/Hymns/Hymnal/midi/e0197_i.mid
202,我們從前所有,,我們從前所有,https://www.hymnal.net/zh/hymn/ch/29,https://www.hymnal.net/Hymns/Hymnal/midi/e0031_i.mid
515,現今時候已不多,,現今時候已不多,https://www.hymnal.net/zh/hymn/ch/660,https://www.hymnal.net/Hymns/Hymnal/midi/e0392_i.mid
513,主已知道你的挫折,,主已知道你的挫折,https://www.hymnal.net/zh/hymn/ch/511,https://www.hymnal.net/Hymns/Hymnal/midi/e0077_i.mid
508,父我知道我的一生,,父我知道我的一生,https://www.hymnal.net/zh/hymn/ch/305,https://www.hymnal.net/Hymns/Hymnal/midi/e0661_i.mid
551,求主教我如何禱告,,求主教我如何禱告,https://www.hymnal.net/zh/hymn/ch/554,https://www.hymnal.net/Hymns/Hymnal/midi/e0767_i.mid
372,我若稍微偏離正路,,我若稍微偏離正路,https://www.hymnal.net/zh/hymn/ch/468,https://www.hymnal.net/Hymns/Hymnal/midi/e8468_i.mid
431,惟知道我所信的是誰,,惟知道我所信的,https://www.hymnal.net/zh/hymn/ch/259,https://www.hymnal.net/Hymns/Hymnal/midi/e0333_i.mid
479,祂帶領我,,祂帶領我祂帶領我,https://www.hymnal.net/zh/hymn/ch/404,https://www.hymnal.net/Hymns/Hymnal/midi/e0585_i.mid
105,愛救了我,,愛救了我愛救了我,https://www.hymnal.net/zh/hymn/ch/735,https://www.hymnal.net/Hymns/Hymnal/midi/e1070_i.mid
189,我們要從那裡說起,,我們要從那裏說起,https://www.hymnal.net/zh/hymn/ch/144,https://www.hymnal.net/Hymns/Hymnal/midi/e0178_i.mid
620,要及時,,豫備主來要及時,https://www.hymnal.net/zh/hymn/ts/920,https://www.hymnal.net/Hymns/Hymnal/midi/e1043_i.mid
381,讓我愛而不受感戴,,讓我愛,https://www.hymnal.net/zh/hymn/ts/428,https://www.hymnal.net/Hymns/NewSongs/midi/ns0019.mid
172,耶穌竟然愛我,,我真歡樂因耶穌愛,https://www.hymnal.net/zh/hymn/ch/230,https://www.hymnal.net/Hymns/Hymnal/midi/e0291_i.mid
380,十字架的道路要犧牲,,這是十架道路,https://www.hymnal.net/zh/hymn/ch/462,https://www.hymnal.net/Hymns/Hymnal/midi/e0630_i.mid
327,今主耶穌滿足我心,,以前我心苦楚悲傷,https://www.hymnal.net/zh/hymn/ch/258,https://www.hymnal.net/Hymns/Hymnal/midi/e0522_i.mid
502,十架不會重逾祂恩典,,祂賜的十架雖然沉,https://www.hymnal.net/zh/hymn/ch/523,https://www.hymnal.net/Hymns/Hymnal/midi/e0722_i.mid
448,神必定顧念你,,應當住在神的翅下,https://www.hymnal.net/zh/hymn/ch/493,https://www.hymnal.net/Hymns/Hymnal/midi/e0694_i.mid
407,祂為我死,,哦耶穌我主我救主,https://www.hymnal.net/zh/hymn/ch/306,https://www.hymnal.net/Hymns/Hymnal/midi/e0362_i.mid
185,主的愛越久越深,,主愛新鮮又甘甜,https://www.hymnal.net/zh/hymn/ch/231,https://www.hymnal.net/Hymns/Hymnal/midi/e0286_i.mid
97,居榮美之地,,前在埃及為罪奴僕,https://www.hymnal.net/zh/hymn/ch/252,https://www.hymnal.net/Hymns/Hymnal/midi/e0324_i.mid
86,無他只有耶穌寶血,What can wash away my sin,,https://www.hymnal.net/en/hymn/h/1008,https://www.hymnal.net/Hymns/Hymnal/midi/e1008_i.mid
88,曾否在羔羊血洗清潔,Have you been to Jesus for the cleansing pow'r,,https://www.hymnal.net/en/hymn/h/1007,https://www.hymnal.net/Hymns/Hymnal/midi/e1007_i.mid
205,自耶穌來住在我心,What a wonderful change in my life has been wrought,,https://www.hymnal.net/en/hymn/h/309,https://www.hymnal.net/Hymns/Hymnal/midi/e0309_i.mid
345,我已揀選主耶穌,I've chosen the Lord Jesus,,https://www.hymnal.net/en/hymn/h/8438,https://www.hymnal.net/Hymns/Hymnal/midi/e0503_i.mid
384,領我去髑髏地,"King of my life, I crown Thee now",,https://www.hymnal.net/en/hymn/h/160,https://www.hymnal.net/Hymns/Hymnal/midi/e0160_i.mid
